--
-- PostgreSQL database dump
--

-- Dumped from database version 12.2
-- Dumped by pg_dump version 12.2

SET statement_timeout = 0;
SET lock_timeout = 0;
SET idle_in_transaction_session_timeout = 0;
SET client_encoding = 'UTF8';
SET standard_conforming_strings = on;
SELECT pg_catalog.set_config('search_path', '', false);
SET check_function_bodies = false;
SET xmloption = content;
SET client_min_messages = warning;
SET row_security = off;

SET default_tablespace = '';

SET default_table_access_method = heap;

--
-- Name: _address; Type: TABLE; Schema: public; Owner: -
--

CREATE TABLE public._address (
    restaurant_id smallint,
    street character varying(18) DEFAULT NULL::character varying,
    zipcode smallint,
    city character varying(9) DEFAULT NULL::character varying,
    state character varying(2) DEFAULT NULL::character varying,
    country character varying(3) DEFAULT NULL::character varying,
    phone_number character varying(13) DEFAULT NULL::character varying,
    email character varying(26) DEFAULT NULL::character varying
);


--
-- Name: _dietary; Type: TABLE; Schema: public; Owner: -
--

CREATE TABLE public._dietary (
    food_id character varying(1) DEFAULT NULL::character varying,
    category character varying(1) DEFAULT NULL::character varying
);


--
-- Name: _menu; Type: TABLE; Schema: public; Owner: -
--

CREATE TABLE public._menu (
    food_id smallint,
    restaurant_id smallint,
    food character varying(33) DEFAULT NULL::character varying,
    unit_price numeric(4,2) DEFAULT NULL::numeric,
    category character varying(22) DEFAULT NULL::character varying,
    description character varying(165) DEFAULT NULL::character varying,
    discount character varying(3) DEFAULT NULL::character varying,
    new_price character varying(5) DEFAULT NULL::character varying,
    quantity character varying(3) DEFAULT NULL::character varying,
    starttime timestamp without time zone,
    endtime timestamp without time zone
);


--
-- Name: _order_join; Type: TABLE; Schema: public; Owner: -
--

CREATE TABLE public._order_join (
    order_id character varying(6) DEFAULT NULL::character varying,
    qrcode character varying(1) DEFAULT NULL::character varying,
    user_id smallint
);


--
-- Name: _order_table; Type: TABLE; Schema: public; Owner: -
--

CREATE TABLE public._order_table (
    food_id smallint,
    new_price numeric(3,2) DEFAULT NULL::numeric,
    quantity smallint,
    food character varying(20) DEFAULT NULL::character varying,
    order_id character varying(6) DEFAULT NULL::character varying,
    confirmed smallint,
    user_id smallint
);


--
-- Name: _restaurant_accounts; Type: TABLE; Schema: public; Owner: -
--

CREATE TABLE public._restaurant_accounts (
    restaurant_id smallint,
    username character varying(7) DEFAULT NULL::character varying,
    password character varying(8) DEFAULT NULL::character varying,
    email character varying(5) DEFAULT NULL::character varying
);


--
-- Name: _restaurants; Type: TABLE; Schema: public; Owner: -
--

CREATE TABLE public._restaurants (
    restaurant_id smallint,
    restaurant_name character varying(15) DEFAULT NULL::character varying,
    about character varying(352) DEFAULT NULL::character varying
);


--
-- Name: _sqlite_sequence; Type: TABLE; Schema: public; Owner: -
--

CREATE TABLE public._sqlite_sequence (
    name character varying(12) DEFAULT NULL::character varying,
    seq smallint
);


--
-- Name: _user_account; Type: TABLE; Schema: public; Owner: -
--

CREATE TABLE public._user_account (
    user_id smallint,
    username character varying(4) DEFAULT NULL::character varying,
    password character varying(8) DEFAULT NULL::character varying,
    email character varying(11) DEFAULT NULL::character varying
);


--
-- Name: _user_accounts; Type: TABLE; Schema: public; Owner: -
--

CREATE TABLE public._user_accounts (
    user_id smallint,
    username character varying(4) DEFAULT NULL::character varying,
    password character varying(8) DEFAULT NULL::character varying,
    email character varying(5) DEFAULT NULL::character varying
);


--
-- Data for Name: _address; Type: TABLE DATA; Schema: public; Owner: -
--

COPY public._address (restaurant_id, street, zipcode, city, state, country, phone_number, email) FROM stdin;
1	19 Chambers Street	8542	Princeton	NJ	USA	(609)608-0104	contact@chennaichimney.com
\.


--
-- Data for Name: _dietary; Type: TABLE DATA; Schema: public; Owner: -
--

COPY public._dietary (food_id, category) FROM stdin;
\.


--
-- Data for Name: _menu; Type: TABLE DATA; Schema: public; Owner: -
--

COPY public._menu (food_id, restaurant_id, food, unit_price, category, description, discount, new_price, quantity, starttime, endtime) FROM stdin;
5	1	Marina Salad	7.95	From the Field	The Chennai beach style salad of chickpeas, mango, coconut, carrot & scallions tempered with mild spices.				\N	\N
8	1	Street Samosa	6.95	Small Bites	Tri-folded puff pastry with potatoes, chilies, mint, cilantro and chat masala. (Vegan)	0.3	4.87	0	\N	\N
9	1	Kaaigari Pakoda	6.95	Small Bites	South Indian version of seasonal vegetable fritters. (Vegan)				\N	\N
10	1	Veg Spring Roll	6.95	Small Bites	Crispy roll with vegetable filling				\N	\N
12	1	Kaalan Manchurian	9.95	Small Bites	Our very own recipe of mushrooms in dry Manchurian sauce Chennai style.				\N	\N
14	1	Paneer Tikka Multani	10.95	Small Bites	Cottage cheese, multi flour battered & grilled in tandoor.				\N	\N
15	1	Chili Paneer	10.95	Small Bites	Indian cottage cheese tossed in hot chili sauce with onions and green bell peppers.				\N	\N
16	1	Gobi Manchurian	10.95	Small Bites	Fresh florets of cauliflower battered, fried and cooked with bell pepper, onion and manchurian sauce Chinese style.				\N	\N
17	1	Gobi-65	10.95	Small Bites	Fresh florets of cauliflower marinated in house spice and deep fried.				\N	\N
18	1	Masala Idly	11.95	Small bites	Mildly spiced sauteed dish made from idli and tossed in Curry Leaves and South Indian spices.				\N	\N
19	1	Kozhi 65	9.95	Small Bites	Cubes of chicken marinated in yogurt and spices, deep fried.				\N	\N
20	1	Chicken Lollypop	11.95	Small Bites	Chicken wings marinated in chef\\'s special masala and deeep fried.				\N	\N
21	1	Chicken Pepper Fry	10.95	Small Bites	Boneless chicken cooked with grounded pepper and onions.				\N	\N
22	1	Chili Chicken	10.95	Small Bites	Deep fried chicken pieces tossed in a chili sauce with onions and green bell peppers.				\N	\N
23	1	Murg Til Tikka	10.95	Small Bites	Sesame coated Tandoori barbecued chunks of chicken served with chutney and relish.				\N	\N
24	1	Madurai Chukka Kari	11.95	Small Bites	Boneless lamb dry cooked in traditional masala a la Madurai style.				\N	\N
26	1	Shrimp-65	11.95	Small Bites	Juicy shrimp marinated in special south Indian style masala and deep fried.				\N	\N
28	1	Aloo Gobi Mutter Masala	12.95	Mains - Vegetarian	South Indian style gravy made with Potato, Cauliflower and Peas				\N	\N
29	1	Kadai Sabzi	11.95	Mains - Vegetarian	Seasonal vegetables tossed with peppers, onions, tomatoes, crushed coriander.				\N	\N
31	1	Malai(Paneer) Koftha	13.95	Mains - Vegetarian	Gravy made with rich cream potato and paneer dumplings				\N	\N
32	1	Vendakkai Masala	12.95	Mains - Vegetarian	Okra sauteed with onion, tomatoes, roasted ground spices.				\N	\N
33	1	Kaalan Pattani Milagu Curry	12.95	Mains - Vegetarian	Button mushrooms, green peas in a spicy black pepper sauce.				\N	\N
34	1	Navaratan Korma	12.95	Mains - Vegetarian	Rich aromatic curry made with medley of vegetables.				\N	\N
35	1	Palak Tandoor Paneer	13.95	Mains - Vegetarian	Tandoori cooked cottage cheese simmered in cumin tempered sinach gravy, cream.				\N	\N
36	1	Paneer Tikka Masala	13.95	Mains - Vegetarian	Grilled paneer cubes, onion and bell peppers served with creamy gravy with Indian spices.				\N	\N
37	1	Paneer Butter Masala	13.95	Mains - Vegetarian	Rich, creamy and delicious paneer dish prepared using butter.				\N	\N
38	1	Vegetable Chettinad	13.95	Mains - Vegetarian	Seasonal mix vegetable cooked with coconut paste and traditional chettinadu masala.				\N	\N
39	1	Vegetable Kurma	13.95	Mains - Vegetarian	Seasonal mix vegetables cooked with coconut paste and spices.				\N	\N
40	1	Old Delhi Butter Chicken	14.95	Mains - Poultry & Lamb	Pulled tandoori chicken cooked in butter, tomato sauce, aromatic spices.				\N	\N
41	1	Milagu Kozhi Chettinad	15.95	Mains - Poultry & Lamb	Succulent pieces of bone-in chicken cooked in authentic Chettinad pepper gravy.				\N	\N
42	1	Chennai Kozhi Curry	15.95	Mains - Poultry & Lamb	Boneless chicken curry made with fresh coriander, shallots, curry, leaves, pepper and yogurt.				\N	\N
43	1	Murg Tikka Masala	15.95	Mains - Poultry & Lamb	Cubes of chicken char grilled and cooked in a tomato creamy sauce.				\N	\N
44	1	Chicken Vindaloo	15.95	Mains - Poultry & Lamb	Boneless chicken and potato cooked with hot and tangy sauce				\N	\N
45	1	Nilgiri Lamb Kurma	17.95	Mains - Poultry & Lamb	Cubes of lamb slowly simmered in coconut, fresh herbs & spices.				\N	\N
46	1	Kashmiri Lamb Roganjosh	18.95	Mains - Poultry & Lamb	Chunks of lamb slow cooked in an onion, tomato, kashmiri red chili sauce.				\N	\N
47	1	Lamb Vindaloo	18.95	Mains - Poultry & Lamb	Chunks of lamb and potato cooked in hot and tangy sauce.				\N	\N
48	1	Lamb Chettinadu	18.95	Mains - Poultry & Lamb	Soft tender chunks of lamb cooked with south Indian style onion tomato gravy and Chettinad spices.				\N	\N
49	1	Aattiraichi Varutha Araicha Curry	18.95	Mains - Poultry & Lamb	Traditional lamb curry cooked in roasted spices, a specialty from the town of Virudhunagar south India.				\N	\N
50	1	Meen Varuval	18.95	Seafood	Fish delicately marinated in chili and lemon spice in south Indian style.				\N	\N
51	1	Goan Fish Curry	18.95	Seafood	Fresh catch of the day cooked in coconut, malt vinegar, ground spices and kokum.				\N	\N
52	1	Karaikudi Fish Curry	19.95	Seafood	Fish cooked in grounded spice gravy				\N	\N
53	1	Yeral Thokku	19.95	Seafood	Prawn dry masala cooked with chef exotic spices				\N	\N
54	1	Malabar Shrimp Curry	19.95	Seafood	Shrimp cooked in Malabar style				\N	\N
55	1	Malai Murg Kabab	13.95	Clay Oven Char-Grilled	Chunks of chicken flavored with cream cheese, sour cream, pepper, lemon juice and cooked in tandoor clay oven.				\N	\N
30	1	Ennai Kathirikai	12.95	Mains - Vegetarian	baby eggplant, roasted spices, tomatoes, onions, coconut paste.	0	11.65	0	\N	\N
56	1	Chicken Seekh Kabab	14.95	Clay Oven Char-Grilled	Blended tender rolls of minced chicken, chopped onion, ginger, garlic and spices cooked in tandoor clay oven.				\N	\N
57	1	Hariyali Murg Tikka	13.95	Clay Oven Char-Grilled	Tender boneless chicken breast cubes marinated with yogurt, spinach, mint leaves and cooked in tandoor clay oven.				\N	\N
58	1	Whole Tandoori Chicken	18.95	Clay Oven Char-Grilled	Chicken marinated in yogurt, seasoned with spices and cooked in tandoor clay oven.				\N	\N
112	1	Chilled Rice Pudding	3.00	Desserts	Rice, sweetened, saffron, vanilla bean				\N	\N
2	1	Sweet Corn Veg	6.95	Soups	Sweet corn, vegetables	0.5	3.48	199	2020-05-05 01:30:00	2020-05-05 22:00:00
59	1	Half Tandoori Chicken	13.95	Clay Oven Char-Grilled	Chicken marinated in yogurt, seasoned with spices and cooked in tandoori clay oven.				\N	\N
60	1	Peshwari Boti Kabab	16.95	Clay Oven Char-Grilled	Lamb marinated in green papaya, red chili & ginger garlic paste, grilled in tandoor.				\N	\N
61	1	Lamb Seek Kabab	18.95	Clay Oven Char-Grilled	Blended tender rolls of minced lamb, chopped onion, ginger, garlic and spices cooked in tandoor clay oven.				\N	\N
62	1	Tandoori Lamb Chops	18.95	Clay Oven Char-Grilled	Baby lamb chops marinated in fresh ginger and garlic cooked to your taste.				\N	\N
63	1	Mahi Tandoori	17.95	Clay Oven Char-Grilled	Fish marinated with garlic, lemon juice, ginger and garam masala and grilled in tandoor clay oven.				\N	\N
64	1	Tandoori Pomfret	18.95	Clay Oven Char-Grilled	Fresh marinated Tandoor Pomfret in a spicy sauce and cooked on skewer in tandoor with mesquite charcoal.				\N	\N
65	1	Bollywood Grill	23.95	Sizzlers & Platters	A combination kababs offer an ultimate sampler served with chutney and relishes.				\N	\N
66	1	Naan	3.00	Breads	Choice of Butter/Onion/Mint				\N	\N
67	1	Garlic or Cheese Mix Naan	3.75	Breads	Choice of Garlic/Cheese				\N	\N
68	1	Bullet Naan	3.25	Breads	Naan with chopped chilies, cilantro				\N	\N
69	1	Kashmiri Naan	3.75	Breads	Naan stuffed with coconut, nuts, dry fruits.				\N	\N
70	1	Assorted Bread Basket	8.00	Breads	Choice of three breads. Onion Naan/Plain Naan/Garlic Naan/Roti/Butter Naan.				\N	\N
71	1	Roti	3.00	Breads	Wheat bread.				\N	\N
72	1	Plain/Mint Lacha Paratha	3.75	Breads	Layered wheat bread cooked in tandoor.				\N	\N
73	1	Malabar Parota	5.99	Breads	Layered refined flour bread cooked in tawa.				\N	\N
74	1	Vegetable Biryani	12.95	Biryanis	Aromatic basmati rice with seasonal vegetables infused with mild spices and saffron.				\N	\N
75	1	Chicken Biryani	15.95	Biryanis	The perfect delicacy choicest cuts of chicken dum cooked with yogurt, golden fried onions, spices and saffron hued basmati rice.				\N	\N
76	1	Lamb Biryani	17.95	Biryanis	The perfect delicacy choicest cuts of meat dum cooked with yogurt, golden fried onions, spices and saffron hued basmati rice.				\N	\N
77	1	Masala Pappad	3.95	Sides	Large papad, tomato, onion, cilantro, green chilies, cucumber, lime & chaat spices.				\N	\N
78	1	Cucumber Raitha	2.95	Sides	Yogurt with cucumber, mint and roasted cumin.				\N	\N
79	1	Tadka Dal	9.95	Sides	Tempered yellow lentils with ginger, tomato and fresh coriander.				\N	\N
80	1	Chennai Sambhar	5.95	Sides	Tempered yellow lentils with ground spices, seasonal vegetables, fresh coriander, curry leaves and clarified butter.				\N	\N
81	1	Steamed rice	3.95	Sides	Basmati rice.				\N	\N
82	1	Dahi	1.95	Sides	Plain Yogurt				\N	\N
83	1	Madurai Idly	5.95	Chennai Specials	Spongy steamed rice cakes served hot with sambhar & chutneys. (Vegan)				\N	\N
85	1	Idly Vada	7.95	Chennai Specials	Spongy steamed rice cakes and deep fried lentil doughnut served with sambhar and chutneys. (Vegan)				\N	\N
86	1	Medhu Vada	5.95	Chennai Specials	South Indian deep fried lentil doughnuts served with chutneys. (Vegan)				\N	\N
87	1	Sambhar Vada	6.95	Chennai Specials	South Indian deep fried lentil doughnut immersed in sambhar, onion & crisps. (Vegan)				\N	\N
88	1	Plain Uthappam	9.95	Chennai Specials	Plain grilled pancake with chutney and sambar. Plain/Onion/Tomato/Carrots/Chilly				\N	\N
89	1	Mix Veg. Uthappam	10.95	Chennai Specials	Pan grilled pancake topped with onion or tomatoes or carrots or chillies or mix served with chutney and sambhar.				\N	\N
90	1	Plain Dosa	9.95	Chennai Specials	Crispy rice lentil crepe served with chutney and sambhar.				\N	\N
91	1	Cone Dosa(for kids)	9.95	Chennai Specials					\N	\N
92	1	Ghee Roast Dosa	10.95	Chennai Specials	Crispy rice lentil crepe roasted in clarified butter served with chutney and sambhar.				\N	\N
93	1	Cheese Dosa	11.95	Chennai Specials	Crispy rice lentil crepe served with chutney and sambar.				\N	\N
94	1	Chocolate Dosa (for kids)	10.95	Chennai Specials	Crispy rice lentil crepe topped with chocolate chips served with chutney and sambar.				\N	\N
95	1	Podi/Kara Dosa	11.95	Chennai Specials	Crispy rice lentil crepe rubbed with spicy gun powder, spicy chutney, served with chutney and sambhar. (Podi Dosa / Kara Dosa)				\N	\N
96	1	Masala Dosa	13.95	Chennai Specials	Crispy rice crepe stuffed with south Indian potato masala, served with chutneys & sambhar. (Masala Dosa / Mysore Masala Dosa)				\N	\N
97	1	Mysore Masala Dosa	13.95	Chennai Specials	Crispy rice crepe stuffed with south Indian potato masala, served with chutneys & sambhar.				\N	\N
98	1	Veg Manchurian Dosa	13.95	Chennai Specials	Crispy rice lentil crepe stuffed with manchurian, served with chutneys and sambhar.				\N	\N
99	1	70mm Family Dosa	16.95	Chennai Specials	Long family size white lentil & rice crepe served with sambhar and chutney.				\N	\N
100	1	Kal Dosa(Veg)	11.95	Chennai Specials	Thick rice lentil pancake served with choice of curry.				\N	\N
101	1	Kal Dosa(chicken)	13.95	Chennai Specials	Thick rice lentil pancake served with choice of curry.				\N	\N
102	1	Kal Dosa(lamb)	15.95	Chennai Specials	Thick rice lentil pancake served with choice of curry.				\N	\N
103	1	Virudhunagar Chukakari dosa	15.95	Chennai Specials	Rice lentil crepe stuffed with lamb chunks cooked in onion spicy masala.				\N	\N
104	1	Veg Kothu Parotta	11.95	Chennai Specials	Chopped layered bread cooked with vegetables, onion, tomatoes, chili, curry leaves and spices.				\N	\N
105	1	Egg Kothu Parotta	11.95	Chennai Specials	Chopped layered bread cooked with vegetables, onion, tomatoes, chili, curry leaves and spices.				\N	\N
106	1	Chicken Kothu Parotta	13.95	Chennai Specials	Flaky layered bread cooked with chicken curry masala.				\N	\N
107	1	Malabar Parotta Salna(veg)	8.95	Chennai Specials	Layered bread cooked in Jawa served with vegetable salna.				\N	\N
108	1	Malabar Parotta Salna(non-veg)	10.95	Chennai Specials	Layered bread cooked in Jawa served with choice of chicken or lamb salna.				\N	\N
109	1	Srivilliputhur Palkova	7.95	Desserts	Sweet of reduced milk mildly flavoured with green cardamom, a rue speciality of Temple Town.				\N	\N
110	1	Rasmalai	3.00	Desserts	Cheese soaked in sweet creamy syrup and topped with nuts.				\N	\N
111	1	Gulab Jamun	3.00	Desserts	Dumplings of condensed milk deep fried and soaked in sugar syrup.				\N	\N
113	1	Gajar Ka Halwa	3.95	Desserts	Freshly grated carrots, cooked in milk and topped with nuts.				\N	\N
7	1	Moong bean salad	6.95	From the Field	Bean sprouts, scallions, carrots, coconut chips with cilantro, lime and feta crumbs.	0	6.25	0	\N	\N
4	1	Aattukal Soup(Paya)	8.95	Soups	A refreshing medium spiced goat bone stock simmered with garlic, peppercorn and coriander finished with chettinadu spices.	0	4.47	0	\N	\N
84	1	Sambhar Idly	6.95	Chennai Specials	Spongy steamed rice cakes served immersed in mildly spiced sambhar. (Vegan)	0	4.17	0	\N	\N
6	1	Curried Caesar Salad	6.95	From the Field	Crunchy romaine lettuce, plum tomatoes, cottage cheese tossed in curried caesar dressing, topped with crisps. -Choice of shrimp($4.00) or Chicken tikka($3.00) extra-	0	4.17	0	\N	\N
114	1	Flooda	7.95	Desserts	Ice cream, silky vermicelli and black basil seed steeped in flavored milk.	0	3.98	0	\N	\N
25	1	Fish-65	10.95	Small Bites	Fish marinated in spicy masala and deep fried.	0	5.47	0	\N	\N
1	1	Tomato Shorba	5.95	Soups	Flavorful Soup made with tomatoes and Indian spices.	0.5	2.98	97	2020-05-05 01:30:00	2020-05-05 22:00:00
27	1	Jeenga a Aatish	12.95	Small bites	Plump fresh jumbo prawns refreshingly marinated in citrus juice, ajwain and green cardamom, grilled in tandoor.	0	6.47	0	2020-05-01 19:30:00	2020-05-01 22:00:00
13	1	Paneer Bajji	9.95	Small Bites	Paneer fritters served with chutney	0	5.97	0	2020-05-01 07:30:00	2020-05-01 22:00:00
11	1	Okra Karuku Muruku	8.95	Small Bites	Crispy fried okra. (Vegan)	0.4	5.37	0	2020-05-01 19:30:00	2020-05-01 02:00:00
3	1	Kozhi Milagu Charu	8.95	Soups	Chicken soup flavored with south Indian herbs and spices.	0.5	4.47	98	2020-05-05 01:30:00	2020-05-05 22:00:00
\.


--
-- Data for Name: _order_join; Type: TABLE DATA; Schema: public; Owner: -
--

COPY public._order_join (order_id, qrcode, user_id) FROM stdin;
uqjCYE		1
uqjCYE		1
uqjCYE		1
uqjCYE		1
uqjCYE		1
uqjCYE		1
uqjCYE		1
uqjCYE		1
uqjCYE		1
uqjCYE		1
uqjCYE		1
uqjCYE		1
uqjCYE		1
uqjCYE		1
uqjCYE		1
uqjCYE		1
uqjCYE		1
uqjCYE		1
uqjCYE		1
uqjCYE		1
uqjCYE		1
uqjCYE		1
uqjCYE		1
uqjCYE		1
uqjCYE		1
uqjCYE		1
uqjCYE		1
uqjCYE		1
uqjCYE		1
uqjCYE		1
\.


--
-- Data for Name: _order_table; Type: TABLE DATA; Schema: public; Owner: -
--

COPY public._order_table (food_id, new_price, quantity, food, order_id, confirmed, user_id) FROM stdin;
2	5.56	1	Sweet Corn Veg	yOIATq	1	1
1	5.36	1	Tomato Shorba	yOIATq	1	1
3	8.05	1	Kozhi Milagu Charu	yOIATq	1	1
1	5.36	1	Tomato Shorba	lgsCZg	1	1
3	8.05	1	Kozhi Milagu Charu	lgsCZg	1	1
2	5.56	1	 Sweet Corn Veg	lgsCZg	0	1
3	8.05	1	Kozhi Milagu Charu	OIuVrI	1	1
2	5.56	1	Sweet Corn Veg	MJLzxB	1	1
2	5.56	-19	Sweet Corn Veg	VmpgYo	0	1
1	5.36	7	Tomato Shorba	mthOfz	0	1
2	5.56	1	Sweet Corn Veg	lxorUu	1	1
3	8.05	1	Kozhi Milagu Charu	lxorUu	1	1
1	5.36	1	Tomato Shorba	lxorUu	0	1
2	5.56	3	 Sweet Corn Veg	OIuVrI	0	1
2	5.56	1	Sweet Corn Veg	DlEJej	1	1
2	5.56	2	Sweet Corn Veg	HncWNA	1	1
1	5.36	3	Tomato Shorba	DlEJej	0	1
3	8.05	2	 Kozhi Milagu Charu	DlEJej	1	1
1	8.05	8	 Kozhi Milagu Charu	OIuVrI	1	1
1	5.36	1	Tomato Shorba	ZcjZkh	1	1
3	8.05	1	Kozhi Milagu Charu	ZcjZkh	1	1
2	5.56	1	 Sweet Corn Veg	ZcjZkh	0	1
1	5.36	2	Tomato Shorba	iuGxmv	1	1
3	8.05	1	Kozhi Milagu Charu	iuGxmv	1	1
2	5.56	1	Sweet Corn Veg	RYFwLO	0	1
1	5.36	8	  Tomato Shorba	VmpgYo	1	1
3	8.05	2	Kozhi Milagu Charu	HncWNA	1	1
1	5.56	6	 Sweet Corn Veg	uTRxLJ	1	1
2	5.56	1	 Sweet Corn Veg	iuGxmv	0	1
3	8.05	1	Kozhi Milagu Charu	nEczDe	1	1
2	5.56	2	Sweet Corn Veg	dnAoQT	1	1
3	8.05	1	Kozhi Milagu Charu	HYFEuS	1	1
3	8.05	2	Kozhi Milagu Charu	dnAoQT	0	1
2	5.56	1	 Sweet Corn Veg	nEczDe	0	1
1	5.36	2	 Tomato Shorba	nEczDe	0	1
1	5.36	1	Tomato Shorba	LpzuWA	1	1
3	8.05	1	Kozhi Milagu Charu	LpzuWA	1	1
2	5.56	1	 Sweet Corn Veg	LpzuWA	0	1
3	8.05	10	Kozhi Milagu Charu	BZkDbM	1	1
2	5.56	10	 Sweet Corn Veg	BZkDbM	0	1
1	5.36	10	 Tomato Shorba	BZkDbM	0	1
1	5.36	1	Tomato Shorba	kCRffV	1	1
3	8.05	1	Kozhi Milagu Charu	kCRffV	1	1
2	5.56	1	 Sweet Corn Veg	kCRffV	0	1
2	5.56	1	Sweet Corn Veg	nFwGyO	1	1
1	5.36	1	Tomato Shorba	nFwGyO	1	1
3	8.05	1	Kozhi Milagu Charu	nFwGyO	1	1
1	5.36	1	Tomato Shorba	HYFEuS	1	1
1	5.56	3	 Sweet Corn Veg	dnAoQT	1	1
2	5.56	1	Sweet Corn Veg	pwFNgl	1	1
2	5.56	2	Sweet Corn Veg	JzswVR	1	1
2	5.56	2	Sweet Corn Veg	HYFEuS	1	1
3	8.05	3	Kozhi Milagu Charu	JzswVR	0	1
1	5.56	5	 Sweet Corn Veg	JzswVR	1	1
2	5.56	1	Sweet Corn Veg	dwtOGf	1	1
1	5.36	1	Tomato Shorba	dwtOGf	1	1
3	8.05	1	Kozhi Milagu Charu	pwFNgl	0	1
1	5.56	9	 Sweet Corn Veg	pwFNgl	1	1
2	5.56	1	Sweet Corn Veg	uTRxLJ	1	1
3	8.05	2	Kozhi Milagu Charu	dwtOGf	0	1
2	5.56	1	Sweet Corn Veg	uCkYTZ	1	1
1	5.36	1	Tomato Shorba	uCkYTZ	1	1
3	8.05	6	Kozhi Milagu Charu	uTRxLJ	0	1
3	8.05	1	Kozhi Milagu Charu	uCkYTZ	0	1
2	5.56	1	Sweet Corn Veg	XITfWC	1	1
1	5.36	1	Tomato Shorba	XITfWC	1	1
3	8.05	1	Kozhi Milagu Charu	XITfWC	1	1
2	5.56	2	Sweet Corn Veg	pVZzDt	1	1
1	5.36	2	Tomato Shorba	pVZzDt	1	1
2	5.56	4	 Sweet Corn Veg	ulafkV	0	1
3	8.05	2	Kozhi Milagu Charu	pVZzDt	0	1
2	5.56	5	Sweet Corn Veg	mthOfz	1	1
3	8.05	2	Kozhi Milagu Charu	mthOfz	1	1
2	5.56	3	Sweet Corn Veg	tPBOHd	1	1
1	5.36	34	 Tomato Shorba	RYFwLO	1	1
3	8.05	49	 Kozhi Milagu Charu	RYFwLO	1	1
3	8.05	3	Kozhi Milagu Charu	dIqTOo	1	1
3	8.05	6	Kozhi Milagu Charu	uxgJuj	0	1
3	8.05	4	 Kozhi Milagu Charu	rbTrIT	1	1
1	5.36	2	Tomato Shorba	MJLzxB	0	1
1	5.36	2	Tomato Shorba	dIqTOo	0	1
1	5.36	4	 Tomato Shorba	uxgJuj	1	1
2	5.56	3	 Sweet Corn Veg	uxgJuj	1	1
1	5.36	1	Tomato Shorba	zvUjIV	1	1
3	8.05	3	Kozhi Milagu Charu	zvUjIV	1	1
2	5.56	2	Sweet Corn Veg	zvUjIV	1	1
1	5.36	1	Tomato Shorba	HncWNA	1	1
2	5.56	3	 Sweet Corn Veg	dIqTOo	1	1
1	5.36	1	Tomato Shorba	ulafkV	0	1
3	8.05	3	 Kozhi Milagu Charu	MJLzxB	1	1
2	5.56	1	Sweet Corn Veg	rbTrIT	1	1
3	8.05	23	 Kozhi Milagu Charu	VmpgYo	0	1
3	8.05	2	Kozhi Milagu Charu	tPBOHd	1	1
1	5.36	3	Tomato Shorba	rbTrIT	0	1
3	8.05	3	  Kozhi Milagu Charu	ulafkV	1	1
1	5.36	2	Tomato Shorba	tPBOHd	1	1
2	5.56	1	Sweet Corn Veg	puvPzn	1	1
3	8.05	1	Kozhi Milagu Charu	puvPzn	1	1
1	5.36	2	Tomato Shorba	puvPzn	1	1
2	5.56	2	Sweet Corn Veg	QEUvOw	1	1
1	5.36	3	Tomato Shorba	QEUvOw	0	1
3	8.05	2	 Kozhi Milagu Charu	QEUvOw	1	1
1	5.36	3	Tomato Shorba	MZdCrF	0	1
2	5.56	17	 Sweet Corn Veg	MZdCrF	0	1
3	8.05	3	Kozhi Milagu Charu	MZdCrF	1	1
2	5.56	1	Sweet Corn Veg	ZZImpf	1	1
3	8.05	1	Kozhi Milagu Charu	ZZImpf	1	1
1	5.36	1	Tomato Shorba	ZZImpf	1	1
2	5.56	1	Sweet Corn Veg	AciAWV	1	1
3	8.05	1	Kozhi Milagu Charu	AciAWV	1	1
1	5.36	1	Tomato Shorba	AciAWV	1	1
1	5.36	1	Tomato Shorba	OijGir	1	1
3	8.05	1	Kozhi Milagu Charu	OijGir	1	1
2	5.56	1	Sweet Corn Veg	OijGir	0	1
2	5.56	1	Sweet Corn Veg	LlPaSI	1	1
1	5.36	1	Tomato Shorba	LlPaSI	1	1
3	8.05	1	Kozhi Milagu Charu	LlPaSI	1	1
2	5.56	1	Sweet Corn Veg	XotlRW	1	1
1	5.36	1	Tomato Shorba	XotlRW	1	1
1	5.36	1	Tomato Shorba	eqYczN	1	1
3	8.05	1	Kozhi Milagu Charu	XotlRW	1	1
3	8.05	1	Kozhi Milagu Charu	eqYczN	1	1
3	8.05	1	Kozhi Milagu Charu	PoIhfu	1	1
1	5.36	1	Tomato Shorba	PoIhfu	1	1
1	5.36	5	Tomato Shorba	eRwjng	1	1
3	8.05	1	Kozhi Milagu Charu	eRwjng	0	1
2	5.56	3	Sweet Corn Veg	PoIhfu	1	1
3	8.05	1	Kozhi Milagu Charu	EhiLGL	1	1
1	5.36	1	Tomato Shorba	EhiLGL	1	1
2	5.56	2	Sweet Corn Veg	EhiLGL	1	1
3	8.05	1	Kozhi Milagu Charu	PrZBkm	1	1
2	5.56	0	Sweet Corn Veg	eqYczN	1	1
1	5.36	4	Tomato Shorba	JvgugH	1	1
3	8.05	3	Kozhi Milagu Charu	JvgugH	0	1
2	5.56	1	Sweet Corn Veg	LTOqOV	1	1
1	5.36	1	Tomato Shorba	LTOqOV	1	1
3	8.05	2	Kozhi Milagu Charu	LTOqOV	1	1
2	5.56	1	Sweet Corn Veg	NLLrLB	1	1
1	5.36	1	Tomato Shorba	NLLrLB	1	1
1	5.36	1	Tomato Shorba	PrZBkm	1	1
2	5.56	2	Sweet Corn Veg	PrZBkm	1	1
3	8.05	2	Kozhi Milagu Charu	NLLrLB	1	1
2	5.56	1	Sweet Corn Veg	eUwJyv	1	1
1	5.36	1	Tomato Shorba	eUwJyv	1	1
3	8.05	1	Kozhi Milagu Charu	eUwJyv	1	1
2	5.56	1	Sweet Corn Veg	mwXzrc	1	1
1	5.36	1	Tomato Shorba	mwXzrc	1	1
3	8.05	1	Kozhi Milagu Charu	mwXzrc	1	1
2	5.56	1	Sweet Corn Veg	PbGMWR	0	1
1	5.36	1	Tomato Shorba	WkxpHE	1	1
3	8.05	1	Kozhi Milagu Charu	WkxpHE	1	1
2	5.56	2	Sweet Corn Veg	WkxpHE	1	1
1	5.36	1	Tomato Shorba	ptjfLB	1	1
3	8.05	1	Kozhi Milagu Charu	ptjfLB	1	1
2	5.56	3	Sweet Corn Veg	ptjfLB	1	1
1	5.36	1	Tomato Shorba	ZsRheQ	1	1
3	8.05	1	Kozhi Milagu Charu	ZsRheQ	1	1
2	5.56	2	Sweet Corn Veg	aRYMNm	1	1
2	5.56	4	Sweet Corn Veg	ZsRheQ	1	1
1	5.36	1	Tomato Shorba	UDyowt	1	1
3	8.05	1	Kozhi Milagu Charu	UDyowt	1	1
3	8.05	2	Kozhi Milagu Charu	aRYMNm	1	1
2	5.56	3	Sweet Corn Veg	UDyowt	1	1
2	5.56	1	Sweet Corn Veg	vvExcQ	1	1
3	8.05	1	Kozhi Milagu Charu	vvExcQ	1	1
1	5.36	1	Tomato Shorba	aRYMNm	0	1
1	5.36	3	Tomato Shorba	vvExcQ	1	1
2	5.56	1	Sweet Corn Veg	ePBHyI	1	1
3	8.05	30	 Kozhi Milagu Charu	PbGMWR	1	1
1	5.36	1	 Tomato Shorba	PbGMWR	0	1
1	5.36	1	Tomato Shorba	BwVSSm	1	1
3	8.05	1	Kozhi Milagu Charu	BwVSSm	1	1
3	8.05	1	Kozhi Milagu Charu	LwjlGR	1	1
1	5.36	1	Tomato Shorba	LwjlGR	1	1
2	5.56	4	Sweet Corn Veg	bJbkdo	1	1
2	5.56	6	Sweet Corn Veg	BwVSSm	1	1
1	5.36	1	Tomato Shorba	mbGHAp	1	1
3	8.05	1	Kozhi Milagu Charu	mbGHAp	1	1
1	5.36	6	Tomato Shorba	ePBHyI	1	1
3	8.05	1	Kozhi Milagu Charu	ePBHyI	0	1
1	5.36	1	Tomato Shorba	wQhIZP	1	1
2	5.56	6	Sweet Corn Veg	mbGHAp	1	1
3	8.05	1	Kozhi Milagu Charu	wQhIZP	1	1
3	8.05	2	Kozhi Milagu Charu	bJbkdo	1	1
2	5.56	4	Sweet Corn Veg	JvgugH	1	1
3	8.05	1	Kozhi Milagu Charu	aVfnna	1	1
2	5.56	3	Sweet Corn Veg	LwjlGR	1	1
1	5.36	1	Tomato Shorba	aVfnna	1	1
2	5.56	3	Sweet Corn Veg	aVfnna	1	1
2	5.56	1	Sweet Corn Veg	PIDTxk	1	1
1	5.36	1	Tomato Shorba	PIDTxk	1	1
2	5.56	3	Sweet Corn Veg	wQhIZP	1	1
3	8.05	4	Kozhi Milagu Charu	PIDTxk	1	1
1	5.36	4	Tomato Shorba	bJbkdo	0	1
2	5.56	1	Sweet Corn Veg	TYSDyD	1	1
1	5.36	5	Tomato Shorba	TYSDyD	1	1
3	8.05	1	Kozhi Milagu Charu	mMrsSF	1	1
3	8.05	1	Kozhi Milagu Charu	TYSDyD	1	1
2	5.56	3	Sweet Corn Veg	mMrsSF	1	1
1	5.36	1	Tomato Shorba	mMrsSF	0	1
2	5.56	1	Sweet Corn Veg	eRwjng	1	1
3	4.47	7	Kozhi Milagu Charu	uqjCYE	1	1
2	3.48	3	Sweet Corn Veg	uqjCYE	1	1
1	2.98	7	Tomato Shorba	uqjCYE	0	1
\.


--
-- Data for Name: _restaurant_accounts; Type: TABLE DATA; Schema: public; Owner: -
--

COPY public._restaurant_accounts (restaurant_id, username, password, email) FROM stdin;
1	chennai	password	email
\.


--
-- Data for Name: _restaurants; Type: TABLE DATA; Schema: public; Owner: -
--

COPY public._restaurants (restaurant_id, restaurant_name, about) FROM stdin;
1	Chennai Chimney	Set in the historic town of Princeton, New Jersey, Chennai Chimney, an Indian restaurant, offers exotic dishes in authentic flavor from the traditional kitchens of Southern India where the city of Chennai is located. Our contemporary version of rustic Indian food will be beyond your expectations and take you on a mouthwatering journey to its origins.
\.


--
-- Data for Name: _sqlite_sequence; Type: TABLE DATA; Schema: public; Owner: -
--

COPY public._sqlite_sequence (name, seq) FROM stdin;
user_account	1
\.


--
-- Data for Name: _user_account; Type: TABLE DATA; Schema: public; Owner: -
--

COPY public._user_account (user_id, username, password, email) FROM stdin;
1	user	password	h@gmail.com
\.


--
-- Data for Name: _user_accounts; Type: TABLE DATA; Schema: public; Owner: -
--

COPY public._user_accounts (user_id, username, password, email) FROM stdin;
1	user	password	email
\.


--
-- Name: _order_table re_eat; Type: CONSTRAINT; Schema: public; Owner: -
--

ALTER TABLE ONLY public._order_table
    ADD CONSTRAINT re_eat UNIQUE (user_id, order_id, food_id);

ALTER TABLE ONLY public._order_table
    ADD COLUMN paid smallint; 

--
-- PostgreSQL database dump complete
--

